date,instrument,symbol,open,high,low,close,volume,retrieved_at
2026-06-12,sp500,SPY,740.71,744.44,735.03,741.75,57079533.0,2026-06-14 08:14:20 UTC
2026-06-11,sp500,SPY,728.76,740.0,724.405,737.76,86330522.0,2026-06-14 08:14:20 UTC
2026-06-10,sp500,SPY,733.39,738.38,725.33,725.43,60341349.0,2026-06-14 08:14:20 UTC
2026-06-09,sp500,SPY,743.63,746.9,722.59,737.05,87683517.0,2026-06-14 08:14:20 UTC
2026-06-08,sp500,SPY,743.36,745.34,738.19,739.22,49319144.0,2026-06-14 08:14:20 UTC
2026-06-05,sp500,SPY,752.31,752.82,735.525,737.55,93989416.0,2026-06-14 08:14:20 UTC
2026-06-04,sp500,SPY,752.1,758.31,751.47,757.09,49923036.0,2026-06-14 08:14:20 UTC
2026-06-03,sp500,SPY,758.15,758.8,753.57,754.24,51402518.0,2026-06-14 08:14:20 UTC
2026-06-02,sp500,SPY,757.03,760.4,756.75,759.57,31581852.0,2026-06-14 08:14:20 UTC
2026-06-01,sp500,SPY,755.36,760.28,754.69,758.54,43634933.0,2026-06-14 08:14:20 UTC
2026-05-29,sp500,SPY,755.9,758.08,754.69,756.48,55075739.0,2026-06-14 08:14:20 UTC
2026-05-28,sp500,SPY,750.25,755.15,749.23,754.6,41562563.0,2026-06-14 08:14:20 UTC
2026-05-27,sp500,SPY,750.88,751.38,748.22,750.46,42106285.0,2026-06-14 08:14:20 UTC
2026-05-26,sp500,SPY,750.01,752.13,748.37,750.59,41123621.0,2026-06-14 08:14:20 UTC
2026-05-22,sp500,SPY,746.24,748.94,744.48,745.64,41762006.0,2026-06-14 08:14:20 UTC
2026-05-21,sp500,SPY,738.64,744.87,737.03,742.72,43332225.0,2026-06-14 08:14:20 UTC
2026-05-20,sp500,SPY,735.71,741.87,733.89,741.25,43381500.0,2026-06-14 08:14:20 UTC
2026-05-19,sp500,SPY,734.78,737.65,731.53,733.73,54255913.0,2026-06-14 08:14:20 UTC
2026-05-18,sp500,SPY,739.83,741.415,733.39,738.65,47843865.0,2026-06-14 08:14:20 UTC
2026-05-15,sp500,SPY,741.79,743.46,737.96,739.17,60410771.0,2026-06-14 08:14:20 UTC
2026-05-14,sp500,SPY,743.65,749.53,743.56,748.17,45307603.0,2026-06-14 08:14:20 UTC
2026-05-13,sp500,SPY,738.47,743.91,735.47,742.31,44200203.0,2026-06-14 08:14:20 UTC
2026-05-12,sp500,SPY,736.89,738.84,731.83,738.18,54185273.0,2026-06-14 08:14:20 UTC
2026-05-11,sp500,SPY,736.45,740.79,736.45,739.3,44023951.0,2026-06-14 08:14:20 UTC
2026-05-08,sp500,SPY,734.93,738.08,734.57,737.62,47227085.0,2026-06-14 08:14:20 UTC
2026-05-07,sp500,SPY,735.05,736.13,729.75,731.58,51724642.0,2026-06-14 08:14:20 UTC
2026-05-06,sp500,SPY,728.16,734.59,727.82,733.83,53288940.0,2026-06-14 08:14:20 UTC
2026-05-05,sp500,SPY,721.77,725.04,721.4898,723.77,36933226.0,2026-06-14 08:14:20 UTC
2026-05-04,sp500,SPY,720.07,722.12,714.99,718.01,51950558.0,2026-06-14 08:14:20 UTC
2026-05-01,sp500,SPY,721.25,724.87,720.47,720.65,43049849.0,2026-06-14 08:14:20 UTC
2026-04-30,sp500,SPY,714.63,719.79,710.445,718.66,67240949.0,2026-06-14 08:14:20 UTC
2026-04-29,sp500,SPY,711.0,712.2,708.37,711.58,41859227.0,2026-06-14 08:14:20 UTC
2026-04-28,sp500,SPY,711.815,712.88,709.25,711.69,43117436.0,2026-06-14 08:14:20 UTC
2026-04-27,sp500,SPY,713.17,715.63,712.295,715.17,33135943.0,2026-06-14 08:14:20 UTC
2026-04-24,sp500,SPY,710.75,714.47,709.01,713.94,45181957.0,2026-06-14 08:14:20 UTC
2026-04-23,sp500,SPY,709.5,712.3598,702.2803,708.45,56173990.0,2026-06-14 08:14:20 UTC
2026-04-22,sp500,SPY,709.15,711.45,708.22,711.21,42518498.0,2026-06-14 08:14:20 UTC
2026-04-21,sp500,SPY,710.28,711.275,702.64,704.08,58941384.0,2026-06-14 08:14:20 UTC
2026-04-20,sp500,SPY,708.78,709.91,706.14,708.72,43546812.0,2026-06-14 08:14:20 UTC
2026-04-17,sp500,SPY,706.14,712.39,705.76,710.14,70661926.0,2026-06-14 08:14:20 UTC
2026-04-16,sp500,SPY,701.06,702.78,698.53,701.66,49972363.0,2026-06-14 08:14:20 UTC
2026-04-15,sp500,SPY,695.26,700.28,694.2,699.94,58240384.0,2026-06-14 08:14:20 UTC
2026-04-14,sp500,SPY,687.69,694.58,687.66,694.46,63480529.0,2026-06-14 08:14:20 UTC
2026-04-13,sp500,SPY,677.41,686.3,676.58,686.1,54185819.0,2026-06-14 08:14:20 UTC
2026-04-10,sp500,SPY,681.32,682.03,678.45,679.46,42253456.0,2026-06-14 08:14:20 UTC
2026-04-09,sp500,SPY,674.84,681.16,673.77,679.91,57134445.0,2026-06-14 08:14:20 UTC
2026-04-08,sp500,SPY,676.39,677.08,671.46,676.01,93606114.0,2026-06-14 08:14:20 UTC
2026-04-07,sp500,SPY,656.65,659.61,651.06,659.22,69980362.0,2026-06-14 08:14:20 UTC
2026-04-06,sp500,SPY,655.86,659.72,655.52,658.93,39105758.0,2026-06-14 08:14:20 UTC
2026-04-02,sp500,SPY,646.42,658.2,645.11,655.83,68358713.0,2026-06-14 08:14:20 UTC
2026-04-01,sp500,SPY,653.9,658.52,653.0,655.24,97841472.0,2026-06-14 08:14:20 UTC
2026-03-31,sp500,SPY,638.94,651.54,637.98,650.34,152534102.0,2026-06-14 08:14:20 UTC
2026-03-30,sp500,SPY,640.11,640.37,629.28,631.97,99275851.0,2026-06-14 08:14:20 UTC
2026-03-27,sp500,SPY,642.5,642.66,633.105,634.09,103649368.0,2026-06-14 08:14:20 UTC
2026-03-26,sp500,SPY,652.06,654.85,644.82,645.09,96494375.0,2026-06-14 08:14:20 UTC
2026-03-25,sp500,SPY,658.67,660.89,654.24,656.82,90653787.0,2026-06-14 08:14:20 UTC
2026-03-24,sp500,SPY,651.32,657.03,649.88,653.18,96457478.0,2026-06-14 08:14:20 UTC
2026-03-23,sp500,SPY,658.07,662.615,653.94,655.38,134802732.0,2026-06-14 08:14:20 UTC
2026-03-20,sp500,SPY,656.51,656.69,644.72,648.57,163617522.0,2026-06-14 08:14:20 UTC
2026-03-19,sp500,SPY,656.97,662.98,655.17,659.8,111272539.0,2026-06-14 08:14:20 UTC
2026-03-18,sp500,SPY,668.36,669.72,661.19,661.43,82062576.0,2026-06-14 08:14:20 UTC
2026-03-17,sp500,SPY,672.39,674.44,669.7,670.79,87128044.0,2026-06-14 08:14:20 UTC
2026-03-16,sp500,SPY,668.38,672.07,667.12,669.03,82023130.0,2026-06-14 08:14:20 UTC
2026-03-13,sp500,SPY,669.27,672.335,661.36,662.29,97200242.0,2026-06-14 08:14:20 UTC
2026-03-12,sp500,SPY,671.16,671.65,665.87,666.06,108882246.0,2026-06-14 08:14:20 UTC
2026-03-11,sp500,SPY,677.58,680.08,673.34,676.33,68441672.0,2026-06-14 08:14:20 UTC
2026-03-10,sp500,SPY,677.72,683.36,674.76,677.18,81505315.0,2026-06-14 08:14:20 UTC
2026-03-09,sp500,SPY,666.39,679.92,662.39,678.27,102667711.0,2026-06-14 08:14:20 UTC
2026-03-06,sp500,SPY,673.41,676.11,669.76,672.38,100686951.0,2026-06-14 08:14:20 UTC
2026-03-05,sp500,SPY,682.08,685.53,675.61,681.31,106606464.0,2026-06-14 08:14:20 UTC
2026-03-04,sp500,SPY,681.63,687.09,679.62,685.13,79182244.0,2026-06-14 08:14:20 UTC
2026-03-03,sp500,SPY,675.06,682.61,669.66,680.33,105003113.0,2026-06-14 08:14:20 UTC
2026-03-02,sp500,SPY,678.7,688.62,678.02,686.38,87477198.0,2026-06-14 08:14:20 UTC
2026-02-27,sp500,SPY,683.09,686.86,681.64,685.99,83308868.0,2026-06-14 08:14:20 UTC
2026-02-26,sp500,SPY,693.28,693.3,684.35,689.3,71670990.0,2026-06-14 08:14:20 UTC
2026-02-25,sp500,SPY,690.18,693.68,690.1,693.15,56369479.0,2026-06-14 08:14:20 UTC
2026-02-24,sp500,SPY,681.9,688.35,680.0,687.35,73798727.0,2026-06-14 08:14:20 UTC
2026-02-23,sp500,SPY,687.83,690.0,680.371,682.39,90558087.0,2026-06-14 08:14:20 UTC
2026-02-20,sp500,SPY,682.32,690.06,681.73,689.43,100033986.0,2026-06-14 08:14:20 UTC
2026-02-19,sp500,SPY,683.84,686.18,681.5475,684.48,58649363.0,2026-06-14 08:14:20 UTC
2026-02-18,sp500,SPY,684.02,689.15,682.83,686.29,73570341.0,2026-06-14 08:14:20 UTC
2026-02-17,sp500,SPY,680.14,684.94,675.78,682.85,81354660.0,2026-06-14 08:14:20 UTC
2026-02-13,sp500,SPY,681.69,686.28,677.52,681.75,96267487.0,2026-06-14 08:14:20 UTC
2026-02-12,sp500,SPY,694.24,695.35,680.37,681.27,118828963.0,2026-06-14 08:14:20 UTC
2026-02-11,sp500,SPY,696.39,697.14,689.18,691.96,76353872.0,2026-06-14 08:14:20 UTC
2026-02-10,sp500,SPY,694.95,696.54,691.66,692.12,65185725.0,2026-06-14 08:14:20 UTC
2026-02-09,sp500,SPY,689.42,695.87,688.34,693.95,73885192.0,2026-06-14 08:14:20 UTC
2026-02-06,sp500,SPY,681.46,692.31,680.85,690.62,89127566.0,2026-06-14 08:14:20 UTC
2026-02-05,sp500,SPY,680.94,683.69,675.79,677.62,113610812.0,2026-06-14 08:14:20 UTC
2026-02-04,sp500,SPY,690.35,691.45,681.76,686.19,105204600.0,2026-06-14 08:14:20 UTC
2026-02-03,sp500,SPY,696.21,696.96,684.03,689.53,105889540.0,2026-06-14 08:14:20 UTC
2026-02-02,sp500,SPY,689.58,696.93,689.42,695.41,77975410.0,2026-06-14 08:14:20 UTC
2026-01-30,sp500,SPY,691.79,694.21,687.12,691.97,101835131.0,2026-06-14 08:14:20 UTC
2026-01-29,sp500,SPY,696.39,697.06,684.83,694.04,97486198.0,2026-06-14 08:14:20 UTC
2026-01-28,sp500,SPY,697.05,697.84,693.94,695.42,61172165.0,2026-06-14 08:14:20 UTC
2026-01-27,sp500,SPY,694.18,696.53,693.57,695.49,54124395.0,2026-06-14 08:14:20 UTC
2026-01-26,sp500,SPY,690.49,694.13,689.92,692.73,60473813.0,2026-06-14 08:14:20 UTC
2026-01-23,sp500,SPY,688.15,690.96,687.16,689.23,63059578.0,2026-06-14 08:14:20 UTC
2026-01-22,sp500,SPY,689.85,691.13,686.92,688.98,77112243.0,2026-06-14 08:14:20 UTC
2026-01-21,sp500,SPY,679.65,688.735,678.13,685.4,127844467.0,2026-06-14 08:14:20 UTC
2026-06-12,financial_sector,XLF,52.96,53.55,52.8101,53.34,51023311.0,2026-06-14 08:14:24 UTC
2026-06-11,financial_sector,XLF,52.345,52.77,52.04,52.62,41295635.0,2026-06-14 08:14:24 UTC
2026-06-10,financial_sector,XLF,52.495,52.81,52.21,52.23,31128419.0,2026-06-14 08:14:24 UTC
2026-06-09,financial_sector,XLF,52.18,52.7,52.035,52.46,41695110.0,2026-06-14 08:14:24 UTC
2026-06-08,financial_sector,XLF,52.24,52.47,51.96,51.97,39102711.0,2026-06-14 08:14:24 UTC
2026-06-05,financial_sector,XLF,52.375,52.475,52.06,52.3,42101717.0,2026-06-14 08:14:24 UTC
2026-06-04,financial_sector,XLF,51.54,52.3,51.48,52.19,57368132.0,2026-06-14 08:14:24 UTC
2026-06-03,financial_sector,XLF,51.14,51.155,50.52,50.87,44906667.0,2026-06-14 08:14:24 UTC
2026-06-02,financial_sector,XLF,51.23,51.66,50.98,51.46,30988845.0,2026-06-14 08:14:24 UTC
2026-06-01,financial_sector,XLF,51.225,51.5975,51.19,51.43,34507616.0,2026-06-14 08:14:24 UTC
2026-05-29,financial_sector,XLF,51.28,51.79,51.17,51.58,34240301.0,2026-06-14 08:14:24 UTC
2026-05-28,financial_sector,XLF,51.19,51.5,51.02,51.27,40574472.0,2026-06-14 08:14:24 UTC
2026-05-27,financial_sector,XLF,51.74,51.99,51.3,51.42,45241810.0,2026-06-14 08:14:24 UTC
2026-05-26,financial_sector,XLF,52.0,52.23,51.72,51.85,24530155.0,2026-06-14 08:14:24 UTC
2026-05-22,financial_sector,XLF,51.9,52.17,51.84,51.94,23315083.0,2026-06-14 08:14:24 UTC
2026-05-21,financial_sector,XLF,51.46,51.83,51.21,51.73,33344220.0,2026-06-14 08:14:24 UTC
2026-05-20,financial_sector,XLF,51.23,51.71,50.78,51.66,39722188.0,2026-06-14 08:14:24 UTC
2026-05-19,financial_sector,XLF,51.63,51.79,51.05,51.1,35956275.0,2026-06-14 08:14:24 UTC
2026-05-18,financial_sector,XLF,51.01,51.8,50.97,51.74,32974643.0,2026-06-14 08:14:24 UTC
2026-05-15,financial_sector,XLF,51.32,51.495,51.035,51.1,29789776.0,2026-06-14 08:14:24 UTC
2026-05-14,financial_sector,XLF,51.27,51.49,51.095,51.29,37059716.0,2026-06-14 08:14:24 UTC
2026-05-13,financial_sector,XLF,51.14,51.325,50.955,50.99,33440155.0,2026-06-14 08:14:24 UTC
2026-05-12,financial_sector,XLF,51.18,51.7,50.81,51.58,44193716.0,2026-06-14 08:14:24 UTC
2026-05-11,financial_sector,XLF,51.26,51.46,50.955,51.18,30759160.0,2026-06-14 08:14:24 UTC
2026-05-08,financial_sector,XLF,51.68,51.74,51.135,51.24,29627685.0,2026-06-14 08:14:24 UTC
2026-05-07,financial_sector,XLF,51.78,52.08,51.42,51.55,36983126.0,2026-06-14 08:14:24 UTC
2026-05-06,financial_sector,XLF,51.92,52.235,51.775,51.84,39084589.0,2026-06-14 08:14:24 UTC
2026-05-05,financial_sector,XLF,51.57,51.77,51.3799,51.59,27419583.0,2026-06-14 08:14:24 UTC
2026-05-04,financial_sector,XLF,51.78,52.19,51.49,51.58,44456298.0,2026-06-14 08:14:24 UTC
2026-05-01,financial_sector,XLF,52.4,52.61,51.92,51.92,39618174.0,2026-06-14 08:14:24 UTC
2026-04-30,financial_sector,XLF,51.51,52.25,51.2,52.13,31406439.0,2026-06-14 08:14:24 UTC
2026-04-29,financial_sector,XLF,52.13,52.3,51.7,51.92,22153115.0,2026-06-14 08:14:24 UTC
2026-04-28,financial_sector,XLF,52.2,52.395,51.8,51.85,24337454.0,2026-06-14 08:14:24 UTC
2026-04-27,financial_sector,XLF,51.31,51.9,51.27,51.81,25764327.0,2026-06-14 08:14:24 UTC
2026-04-24,financial_sector,XLF,51.58,51.67,51.32,51.42,27225299.0,2026-06-14 08:14:24 UTC
2026-04-23,financial_sector,XLF,52.08,52.166,51.3,51.8,44647944.0,2026-06-14 08:14:24 UTC
2026-04-22,financial_sector,XLF,52.48,52.645,52.07,52.21,31838385.0,2026-06-14 08:14:24 UTC
2026-04-21,financial_sector,XLF,52.71,53.19,52.2,52.3,34150095.0,2026-06-14 08:14:24 UTC
2026-04-20,financial_sector,XLF,52.335,52.76,52.26,52.63,26160648.0,2026-06-14 08:14:24 UTC
2026-04-17,financial_sector,XLF,52.37,52.98,52.3,52.43,45183382.0,2026-06-14 08:14:24 UTC
2026-04-16,financial_sector,XLF,52.09,52.41,51.915,52.03,25431953.0,2026-06-14 08:14:24 UTC
2026-04-15,financial_sector,XLF,52.07,52.33,51.82,52.17,33804684.0,2026-06-14 08:14:24 UTC
2026-04-14,financial_sector,XLF,51.51,51.91,51.44,51.78,36498429.0,2026-06-14 08:14:24 UTC
2026-04-13,financial_sector,XLF,50.5,51.67,50.42,51.66,33635867.0,2026-06-14 08:14:24 UTC
2026-04-10,financial_sector,XLF,51.23,51.29,50.64,50.77,35427511.0,2026-06-14 08:14:24 UTC
2026-04-09,financial_sector,XLF,50.94,51.54,50.795,51.33,30330506.0,2026-06-14 08:14:24 UTC
2026-04-08,financial_sector,XLF,51.19,51.48,50.9601,51.2,48175438.0,2026-06-14 08:14:24 UTC
2026-04-07,financial_sector,XLF,49.62,50.02,49.5,49.88,31750045.0,2026-06-14 08:14:24 UTC
2026-04-06,financial_sector,XLF,49.51,50.005,49.45,49.88,27345833.0,2026-06-14 08:14:24 UTC
2026-04-02,financial_sector,XLF,48.825,49.81,48.6,49.53,39519845.0,2026-06-14 08:14:24 UTC
2026-04-01,financial_sector,XLF,49.8,49.85,49.14,49.44,61558255.0,2026-06-14 08:14:24 UTC
2026-03-31,financial_sector,XLF,48.92,49.46,48.51,49.37,85361932.0,2026-06-14 08:14:24 UTC
2026-03-30,financial_sector,XLF,48.23,48.72,48.09,48.36,58128933.0,2026-06-14 08:14:24 UTC
2026-03-27,financial_sector,XLF,48.79,48.835,47.67,47.81,64823894.0,2026-06-14 08:14:24 UTC
2026-03-26,financial_sector,XLF,49.11,49.49,48.875,49.05,45035730.0,2026-06-14 08:14:24 UTC
2026-03-25,financial_sector,XLF,49.59,49.9501,48.99,49.34,40438797.0,2026-06-14 08:14:24 UTC
2026-03-24,financial_sector,XLF,48.8,49.59,48.78,49.28,43296378.0,2026-06-14 08:14:24 UTC
2026-03-23,financial_sector,XLF,49.7,49.86,49.22,49.27,81044813.0,2026-06-14 08:14:24 UTC
2026-03-20,financial_sector,XLF,48.955,49.34,48.79,49.08,82914015.0,2026-06-14 08:14:24 UTC
2026-03-19,financial_sector,XLF,48.77,49.18,48.52,48.99,58374008.0,2026-06-14 08:14:24 UTC
2026-03-18,financial_sector,XLF,49.37,49.71,48.92,48.97,49239115.0,2026-06-14 08:14:24 UTC
2026-03-17,financial_sector,XLF,49.695,50.19,49.51,49.56,46974021.0,2026-06-14 08:14:24 UTC
2026-03-16,financial_sector,XLF,49.25,49.745,49.11,49.3,45720120.0,2026-06-14 08:14:24 UTC
2026-03-13,financial_sector,XLF,49.11,49.46,48.845,48.89,47595176.0,2026-06-14 08:14:24 UTC
2026-03-12,financial_sector,XLF,48.98,49.22,48.79,48.83,67871737.0,2026-06-14 08:14:24 UTC
2026-03-11,financial_sector,XLF,49.98,50.12,49.2235,49.64,56301182.0,2026-06-14 08:14:24 UTC
2026-03-10,financial_sector,XLF,50.33,50.6899,49.75,50.06,70834225.0,2026-06-14 08:14:24 UTC
2026-03-09,financial_sector,XLF,49.92,50.52,49.18,50.33,78178657.0,2026-06-14 08:14:24 UTC
2026-03-06,financial_sector,XLF,50.44,50.615,49.75,50.57,75632744.0,2026-06-14 08:14:24 UTC
2026-03-05,financial_sector,XLF,51.24,51.82,50.905,51.23,58432340.0,2026-06-14 08:14:24 UTC
2026-03-04,financial_sector,XLF,51.33,51.65,51.075,51.5,51472435.0,2026-06-14 08:14:24 UTC
2026-03-03,financial_sector,XLF,50.29,51.55,50.08,51.21,94738726.0,2026-06-14 08:14:24 UTC
2026-03-02,financial_sector,XLF,50.605,51.63,50.46,51.3,70107181.0,2026-06-14 08:14:24 UTC
2026-02-27,financial_sector,XLF,51.88,52.06,51.01,51.43,81998723.0,2026-06-14 08:14:24 UTC
2026-02-26,financial_sector,XLF,52.07,52.655,51.98,52.5,60884262.0,2026-06-14 08:14:24 UTC
2026-02-25,financial_sector,XLF,51.24,51.89,51.17,51.87,47652805.0,2026-06-14 08:14:24 UTC
2026-02-24,financial_sector,XLF,50.45,51.18,50.235,50.98,64114146.0,2026-06-14 08:14:24 UTC
2026-02-23,financial_sector,XLF,52.185,52.47,50.64,50.73,94600356.0,2026-06-14 08:14:24 UTC
2026-02-20,financial_sector,XLF,52.04,52.495,51.72,52.49,52934136.0,2026-06-14 08:14:24 UTC
2026-02-19,financial_sector,XLF,52.14,52.38,51.74,52.15,47344380.0,2026-06-14 08:14:24 UTC
2026-02-18,financial_sector,XLF,52.345,52.78,52.275,52.59,45224038.0,2026-06-14 08:14:24 UTC
2026-02-17,financial_sector,XLF,51.815,52.41,51.815,52.2,54064715.0,2026-06-14 08:14:24 UTC
2026-02-13,financial_sector,XLF,51.545,51.93,51.25,51.65,56449294.0,2026-06-14 08:14:24 UTC
2026-02-12,financial_sector,XLF,52.9,53.11,51.43,51.69,94645070.0,2026-06-14 08:14:24 UTC
2026-02-11,financial_sector,XLF,53.67,53.93,52.69,52.74,60339943.0,2026-06-14 08:14:24 UTC
2026-02-10,financial_sector,XLF,53.7,54.255,53.115,53.55,57920792.0,2026-06-14 08:14:24 UTC
2026-02-09,financial_sector,XLF,54.08,54.39,53.9,53.94,31699883.0,2026-06-14 08:14:24 UTC
2026-02-06,financial_sector,XLF,53.83,54.345,53.83,54.26,53073812.0,2026-06-14 08:14:24 UTC
2026-02-05,financial_sector,XLF,53.94,54.06,53.18,53.29,64474987.0,2026-06-14 08:14:24 UTC
2026-02-04,financial_sector,XLF,53.51,54.18,53.4,53.96,59506374.0,2026-06-14 08:14:24 UTC
2026-02-03,financial_sector,XLF,53.72,54.165,53.16,53.53,66178557.0,2026-06-14 08:14:24 UTC
2026-02-02,financial_sector,XLF,53.445,54.09,53.195,54.03,48031482.0,2026-06-14 08:14:24 UTC
2026-01-30,financial_sector,XLF,53.38,53.655,53.02,53.44,42767032.0,2026-06-14 08:14:24 UTC
2026-01-29,financial_sector,XLF,53.32,53.63,52.99,53.55,51975433.0,2026-06-14 08:14:24 UTC
2026-01-28,financial_sector,XLF,52.93,53.21,52.76,52.99,45450809.0,2026-06-14 08:14:24 UTC
2026-01-27,financial_sector,XLF,53.315,53.425,52.84,53.0,37540392.0,2026-06-14 08:14:24 UTC
2026-01-26,financial_sector,XLF,53.1,53.55,53.09,53.41,31072708.0,2026-06-14 08:14:24 UTC
2026-01-23,financial_sector,XLF,53.49,53.51,52.88,53.07,47057521.0,2026-06-14 08:14:24 UTC
2026-01-22,financial_sector,XLF,53.65,54.05,53.64,53.81,46919268.0,2026-06-14 08:14:24 UTC
2026-01-21,financial_sector,XLF,53.37,53.825,53.24,53.46,49360284.0,2026-06-14 08:14:24 UTC
2026-06-12,bank_etf,KBE,66.38,67.13,66.18,66.94,1485214.0,2026-06-14 08:14:29 UTC
2026-06-11,bank_etf,KBE,65.61,66.12,64.96,65.99,1520655.0,2026-06-14 08:14:29 UTC
2026-06-10,bank_etf,KBE,65.33,65.96,65.06,65.27,2756562.0,2026-06-14 08:14:29 UTC
2026-06-09,bank_etf,KBE,64.63,66.02,64.63,65.09,2222109.0,2026-06-14 08:14:29 UTC
2026-06-08,bank_etf,KBE,64.36,64.845,64.125,64.21,1627412.0,2026-06-14 08:14:29 UTC
2026-06-05,bank_etf,KBE,64.03,64.53,63.79,64.12,1950649.0,2026-06-14 08:14:29 UTC
2026-06-04,bank_etf,KBE,62.65,64.07,62.65,63.94,1864881.0,2026-06-14 08:14:29 UTC
2026-06-03,bank_etf,KBE,63.15,63.165,61.99,62.07,2596266.0,2026-06-14 08:14:29 UTC
2026-06-02,bank_etf,KBE,62.29,63.685,62.28,63.52,1593351.0,2026-06-14 08:14:29 UTC
2026-06-01,bank_etf,KBE,63.04,63.19,62.29,62.53,1301491.0,2026-06-14 08:14:29 UTC
2026-05-29,bank_etf,KBE,63.34,63.865,63.22,63.49,1164668.0,2026-06-14 08:14:29 UTC
2026-05-28,bank_etf,KBE,63.4,63.55,62.86,63.48,3058133.0,2026-06-14 08:14:29 UTC
2026-05-27,bank_etf,KBE,64.32,64.59,63.41,63.6,2298485.0,2026-06-14 08:14:29 UTC
2026-05-26,bank_etf,KBE,63.7,64.46,63.7,64.24,1350216.0,2026-06-14 08:14:29 UTC
2026-05-22,bank_etf,KBE,63.53,63.8,63.34,63.54,1014557.0,2026-06-14 08:14:29 UTC
2026-05-21,bank_etf,KBE,63.04,63.6,62.56,63.46,2590051.0,2026-06-14 08:14:29 UTC
2026-05-20,bank_etf,KBE,62.15,63.58,61.76,63.36,1643256.0,2026-06-14 08:14:29 UTC
2026-05-19,bank_etf,KBE,62.3,62.37,61.61,61.98,1982051.0,2026-06-14 08:14:29 UTC
2026-05-18,bank_etf,KBE,61.76,62.7,61.73,62.47,3614456.0,2026-06-14 08:14:29 UTC
2026-05-15,bank_etf,KBE,62.14,62.39,61.26,61.68,2916415.0,2026-06-14 08:14:29 UTC
2026-05-14,bank_etf,KBE,62.26,62.85,62.26,62.38,2074602.0,2026-06-14 08:14:29 UTC
2026-05-13,bank_etf,KBE,62.42,62.535,61.75,61.78,2441263.0,2026-06-14 08:14:29 UTC
2026-05-12,bank_etf,KBE,62.95,63.06,61.625,62.7,5652322.0,2026-06-14 08:14:29 UTC
2026-05-11,bank_etf,KBE,64.24,64.44,62.765,62.92,6033234.0,2026-06-14 08:14:29 UTC
2026-05-08,bank_etf,KBE,64.25,64.45,63.9,64.05,3587290.0,2026-06-14 08:14:29 UTC
2026-05-07,bank_etf,KBE,64.79,65.11,64.0,64.11,1420429.0,2026-06-14 08:14:29 UTC
2026-05-06,bank_etf,KBE,64.66,65.2,64.57,64.72,1686656.0,2026-06-14 08:14:29 UTC
2026-05-05,bank_etf,KBE,63.39,64.32,63.37,64.08,987748.0,2026-06-14 08:14:29 UTC
2026-05-04,bank_etf,KBE,63.72,64.141,63.105,63.3,1082932.0,2026-06-14 08:14:29 UTC
2026-05-01,bank_etf,KBE,64.33,64.66,63.59,64.07,1416489.0,2026-06-14 08:14:29 UTC
2026-04-30,bank_etf,KBE,63.19,64.58,62.9,64.19,1289659.0,2026-06-14 08:14:29 UTC
2026-04-29,bank_etf,KBE,64.34,64.625,63.45,63.61,1982602.0,2026-06-14 08:14:29 UTC
2026-04-28,bank_etf,KBE,64.69,65.31,64.425,64.61,3579325.0,2026-06-14 08:14:29 UTC
2026-04-27,bank_etf,KBE,63.51,64.605,63.51,64.38,1454135.0,2026-06-14 08:14:29 UTC
2026-04-24,bank_etf,KBE,64.15,64.29,63.3801,63.5,1974508.0,2026-06-14 08:14:29 UTC
2026-04-23,bank_etf,KBE,63.93,64.43,63.47,64.33,2019670.0,2026-06-14 08:14:29 UTC
2026-04-22,bank_etf,KBE,64.31,64.49,63.565,63.77,1968371.0,2026-06-14 08:14:29 UTC
2026-04-21,bank_etf,KBE,64.72,65.22,63.975,64.15,1632827.0,2026-06-14 08:14:29 UTC
2026-04-20,bank_etf,KBE,64.21,65.16,64.21,64.83,1705713.0,2026-06-14 08:14:29 UTC
2026-04-17,bank_etf,KBE,63.82,65.44,63.82,64.56,2343977.0,2026-06-14 08:14:29 UTC
2026-04-16,bank_etf,KBE,63.21,63.56,62.95,63.11,2183994.0,2026-06-14 08:14:29 UTC
2026-04-15,bank_etf,KBE,63.43,63.63,62.83,63.35,1496634.0,2026-06-14 08:14:29 UTC
2026-04-14,bank_etf,KBE,63.26,63.615,62.76,63.35,1498419.0,2026-06-14 08:14:29 UTC
2026-04-13,bank_etf,KBE,62.53,63.45,62.24,63.37,3607352.0,2026-06-14 08:14:29 UTC
2026-04-10,bank_etf,KBE,63.47,63.59,62.755,62.84,1219112.0,2026-06-14 08:14:29 UTC
2026-04-09,bank_etf,KBE,62.33,63.83,62.32,63.6,1982463.0,2026-06-14 08:14:29 UTC
2026-04-08,bank_etf,KBE,62.63,63.39,62.42,62.7,2284598.0,2026-06-14 08:14:29 UTC
2026-04-07,bank_etf,KBE,60.73,61.15,60.51,60.95,2258041.0,2026-06-14 08:14:29 UTC
2026-04-06,bank_etf,KBE,60.2,60.985,60.0,60.87,1212444.0,2026-06-14 08:14:29 UTC
2026-04-02,bank_etf,KBE,59.12,60.31,58.83,60.24,1376334.0,2026-06-14 08:14:29 UTC
2026-04-01,bank_etf,KBE,59.99,60.67,59.79,60.1,2708069.0,2026-06-14 08:14:29 UTC
2026-03-31,bank_etf,KBE,58.99,59.91,58.52,59.55,3401901.0,2026-06-14 08:14:29 UTC
2026-03-30,bank_etf,KBE,58.37,58.63,57.91,58.09,1202226.0,2026-06-14 08:14:29 UTC
2026-03-27,bank_etf,KBE,58.67,58.775,57.75,57.88,2026509.0,2026-06-14 08:14:29 UTC
2026-03-26,bank_etf,KBE,58.73,59.32,58.5742,59.09,1698709.0,2026-06-14 08:14:29 UTC
2026-03-25,bank_etf,KBE,59.45,59.79,58.555,59.19,2083679.0,2026-06-14 08:14:29 UTC
2026-03-24,bank_etf,KBE,57.8,59.455,57.8,58.9,2877248.0,2026-06-14 08:14:29 UTC
2026-03-23,bank_etf,KBE,58.89,59.68,58.44,58.47,4149911.0,2026-06-14 08:14:29 UTC
2026-03-20,bank_etf,KBE,57.85,58.14,57.325,57.85,5272575.0,2026-06-14 08:14:29 UTC
2026-03-19,bank_etf,KBE,57.13,58.33,56.79,57.94,2413395.0,2026-06-14 08:14:29 UTC
2026-03-18,bank_etf,KBE,58.02,58.26,57.42,57.55,2634308.0,2026-06-14 08:14:29 UTC
2026-03-17,bank_etf,KBE,58.72,59.06,58.0,58.22,1866290.0,2026-06-14 08:14:29 UTC
2026-03-16,bank_etf,KBE,58.48,58.89,58.14,58.16,1906278.0,2026-06-14 08:14:29 UTC
2026-03-13,bank_etf,KBE,58.54,58.77,57.75,57.82,2007010.0,2026-06-14 08:14:29 UTC
2026-03-12,bank_etf,KBE,57.56,58.42,57.27,58.07,3049060.0,2026-06-14 08:14:29 UTC
2026-03-11,bank_etf,KBE,58.97,59.22,58.1,58.66,2432925.0,2026-06-14 08:14:29 UTC
2026-03-10,bank_etf,KBE,59.28,60.54,58.62,59.33,2474555.0,2026-06-14 08:14:29 UTC
2026-03-09,bank_etf,KBE,58.6,59.76,57.24,59.42,5286684.0,2026-06-14 08:14:29 UTC
2026-03-06,bank_etf,KBE,59.31,59.635,58.18,59.55,4184085.0,2026-06-14 08:14:29 UTC
2026-03-05,bank_etf,KBE,61.26,61.55,60.33,60.95,2253049.0,2026-06-14 08:14:29 UTC
2026-03-04,bank_etf,KBE,61.8,62.08,61.3,61.83,2718053.0,2026-06-14 08:14:29 UTC
2026-03-03,bank_etf,KBE,60.37,61.96,59.81,61.51,3660917.0,2026-06-14 08:14:29 UTC
2026-03-02,bank_etf,KBE,60.04,62.28,59.59,61.89,3181912.0,2026-06-14 08:14:29 UTC
2026-02-27,bank_etf,KBE,63.03,63.2,60.62,61.05,4596975.0,2026-06-14 08:14:29 UTC
2026-02-26,bank_etf,KBE,63.94,64.97,63.41,64.23,2759781.0,2026-06-14 08:14:29 UTC
2026-02-25,bank_etf,KBE,63.22,63.91,62.87,63.79,1890246.0,2026-06-14 08:14:29 UTC
2026-02-24,bank_etf,KBE,62.58,63.02,62.14,62.7,2083525.0,2026-06-14 08:14:29 UTC
2026-02-23,bank_etf,KBE,65.34,65.73,62.295,62.67,2728500.0,2026-06-14 08:14:29 UTC
2026-02-20,bank_etf,KBE,64.66,65.58,64.22,65.52,1945959.0,2026-06-14 08:14:29 UTC
2026-02-19,bank_etf,KBE,64.81,65.11,64.33,64.92,1411706.0,2026-06-14 08:14:29 UTC
2026-02-18,bank_etf,KBE,65.37,66.39,65.13,65.33,1302108.0,2026-06-14 08:14:29 UTC
2026-02-17,bank_etf,KBE,65.23,66.1,64.875,65.37,1785381.0,2026-06-14 08:14:29 UTC
2026-02-13,bank_etf,KBE,64.53,65.385,63.8601,65.09,1848040.0,2026-06-14 08:14:29 UTC
2026-02-12,bank_etf,KBE,66.16,66.67,63.86,64.71,2734590.0,2026-06-14 08:14:29 UTC
2026-02-11,bank_etf,KBE,67.13,67.69,65.435,65.73,1907090.0,2026-06-14 08:14:29 UTC
2026-02-10,bank_etf,KBE,67.07,67.57,66.03,66.67,1714529.0,2026-06-14 08:14:29 UTC
2026-02-09,bank_etf,KBE,67.17,67.75,67.02,67.25,1280254.0,2026-06-14 08:14:29 UTC
2026-02-06,bank_etf,KBE,66.81,67.695,66.7,67.41,1272460.0,2026-06-14 08:14:29 UTC
2026-02-05,bank_etf,KBE,66.17,66.77,65.5,66.13,3041842.0,2026-06-14 08:14:29 UTC
2026-02-04,bank_etf,KBE,65.5,66.945,65.5,66.28,2702020.0,2026-06-14 08:14:29 UTC
2026-02-03,bank_etf,KBE,64.44,65.76,64.3,65.23,2885101.0,2026-06-14 08:14:29 UTC
2026-02-02,bank_etf,KBE,63.47,64.89,63.28,64.5,2848381.0,2026-06-14 08:14:29 UTC
2026-01-30,bank_etf,KBE,63.55,63.96,62.965,63.57,2380649.0,2026-06-14 08:14:29 UTC
2026-01-29,bank_etf,KBE,63.27,64.07,63.04,64.05,1457715.0,2026-06-14 08:14:29 UTC
2026-01-28,bank_etf,KBE,63.3,63.71,62.84,63.0,1887994.0,2026-06-14 08:14:29 UTC
2026-01-27,bank_etf,KBE,63.33,63.61,62.92,63.32,886589.0,2026-06-14 08:14:29 UTC
2026-01-26,bank_etf,KBE,62.83,63.36,62.47,63.14,2246930.0,2026-06-14 08:14:29 UTC
2026-01-23,bank_etf,KBE,64.58,64.58,62.63,62.79,3276230.0,2026-06-14 08:14:29 UTC
2026-01-22,bank_etf,KBE,64.95,65.82,64.67,64.83,3675224.0,2026-06-14 08:14:29 UTC
2026-01-21,bank_etf,KBE,62.73,65.065,62.73,64.78,2466877.0,2026-06-14 08:14:29 UTC
2026-06-12,treasury_etf,TLT,85.64,85.83,85.41,85.77,23100929.0,2026-06-14 08:14:32 UTC
2026-06-11,treasury_etf,TLT,85.17,86.04,85.04,85.98,35190465.0,2026-06-14 08:14:32 UTC
2026-06-10,treasury_etf,TLT,85.12,85.3,84.7,84.88,21258274.0,2026-06-14 08:14:32 UTC
2026-06-09,treasury_etf,TLT,84.97,85.18,84.78,85.12,22617747.0,2026-06-14 08:14:32 UTC
2026-06-08,treasury_etf,TLT,85.23,85.325,84.62,84.62,22922742.0,2026-06-14 08:14:32 UTC
2026-06-05,treasury_etf,TLT,84.99,85.345,84.92,85.06,26461163.0,2026-06-14 08:14:32 UTC
2026-06-04,treasury_etf,TLT,85.605,85.71,85.42,85.5,15866492.0,2026-06-14 08:14:32 UTC
2026-06-03,treasury_etf,TLT,85.285,85.43,85.1,85.31,15371998.0,2026-06-14 08:14:32 UTC
2026-06-02,treasury_etf,TLT,85.8,85.82,85.5,85.65,20319048.0,2026-06-14 08:14:32 UTC
2026-06-01,treasury_etf,TLT,84.93,85.54,84.8,85.47,26322365.0,2026-06-14 08:14:32 UTC
2026-05-29,treasury_etf,TLT,85.81,85.96,85.55,85.76,33118565.0,2026-06-14 08:14:32 UTC
2026-05-28,treasury_etf,TLT,85.36,85.845,85.27,85.74,25417298.0,2026-06-14 08:14:32 UTC
2026-05-27,treasury_etf,TLT,85.25,85.48,85.15,85.3,23589557.0,2026-06-14 08:14:32 UTC
2026-05-26,treasury_etf,TLT,85.335,85.375,84.9,85.1,22531218.0,2026-06-14 08:14:32 UTC
2026-05-22,treasury_etf,TLT,84.605,84.68,84.135,84.68,27987659.0,2026-06-14 08:14:32 UTC
2026-05-21,treasury_etf,TLT,83.6207,84.2575,83.325,84.22,24887001.0,2026-06-14 08:14:32 UTC
2026-05-20,treasury_etf,TLT,83.06,84.0,83.04,83.91,43939264.0,2026-06-14 08:14:32 UTC
2026-05-19,treasury_etf,TLT,82.96,83.23,82.77,83.02,35346602.0,2026-06-14 08:14:32 UTC
2026-05-18,treasury_etf,TLT,83.7,83.915,83.315,83.56,26166181.0,2026-06-14 08:14:32 UTC
2026-05-15,treasury_etf,TLT,83.87,83.97,83.59,83.66,50795960.0,2026-06-14 08:14:32 UTC
2026-05-14,treasury_etf,TLT,85.26,85.375,84.905,84.92,25247190.0,2026-06-14 08:14:32 UTC
2026-05-13,treasury_etf,TLT,84.94,85.05,84.59,84.8,26295099.0,2026-06-14 08:14:32 UTC
2026-05-12,treasury_etf,TLT,85.19,85.2,84.92,84.99,27680614.0,2026-06-14 08:14:32 UTC
2026-05-11,treasury_etf,TLT,85.88,85.915,85.49,85.56,17713653.0,2026-06-14 08:14:32 UTC
2026-05-08,treasury_etf,TLT,86.06,86.28,85.99,86.08,30797630.0,2026-06-14 08:14:32 UTC
2026-05-07,treasury_etf,TLT,86.28,86.29,85.595,85.65,21178332.0,2026-06-14 08:14:32 UTC
2026-05-06,treasury_etf,TLT,86.049,86.165,85.92,86.08,22530704.0,2026-06-14 08:14:32 UTC
2026-05-05,treasury_etf,TLT,85.145,85.49,85.09,85.43,18226454.0,2026-06-14 08:14:32 UTC
2026-05-04,treasury_etf,TLT,85.35,85.36,84.76,84.96,27226010.0,2026-06-14 08:14:32 UTC
2026-05-01,treasury_etf,TLT,85.5,85.995,85.34,85.61,21280951.0,2026-06-14 08:14:32 UTC
2026-04-30,treasury_etf,TLT,85.885,85.9,85.385,85.62,28516180.0,2026-06-14 08:14:32 UTC
2026-04-29,treasury_etf,TLT,85.985,85.99,85.55,85.7,29020823.0,2026-06-14 08:14:32 UTC
2026-04-28,treasury_etf,TLT,86.12,86.37,85.94,86.37,14553573.0,2026-06-14 08:14:32 UTC
2026-04-27,treasury_etf,TLT,86.489,86.62,86.1926,86.28,19250144.0,2026-06-14 08:14:32 UTC
2026-04-24,treasury_etf,TLT,86.46,86.82,86.25,86.71,22285741.0,2026-06-14 08:14:32 UTC
2026-04-23,treasury_etf,TLT,86.825,87.04,86.24,86.55,21106665.0,2026-06-14 08:14:32 UTC
2026-04-22,treasury_etf,TLT,87.05,87.155,86.705,86.74,13676816.0,2026-06-14 08:14:32 UTC
2026-04-21,treasury_etf,TLT,86.97,87.092,86.53,86.57,19798692.0,2026-06-14 08:14:32 UTC
2026-04-20,treasury_etf,TLT,87.11,87.125,86.71,87.05,14623480.0,2026-06-14 08:14:32 UTC
2026-04-17,treasury_etf,TLT,87.05,87.21,86.89,87.07,29604128.0,2026-06-14 08:14:32 UTC
2026-04-16,treasury_etf,TLT,86.915,86.97,86.2,86.28,20001034.0,2026-06-14 08:14:32 UTC
2026-04-15,treasury_etf,TLT,87.02,87.07,86.725,86.83,15119636.0,2026-06-14 08:14:32 UTC
2026-04-14,treasury_etf,TLT,86.7,87.24,86.63,87.21,16606917.0,2026-06-14 08:14:32 UTC
2026-04-13,treasury_etf,TLT,86.44,86.8,86.25,86.75,12719726.0,2026-06-14 08:14:32 UTC
2026-04-10,treasury_etf,TLT,86.6,86.68,86.33,86.49,13247732.0,2026-06-14 08:14:32 UTC
2026-04-09,treasury_etf,TLT,86.69,87.1301,86.3924,86.7,18909082.0,2026-06-14 08:14:32 UTC
2026-04-08,treasury_etf,TLT,87.36,87.37,86.73,86.92,22244916.0,2026-06-14 08:14:32 UTC
2026-04-07,treasury_etf,TLT,86.52,86.675,85.91,86.64,22747227.0,2026-06-14 08:14:32 UTC
2026-04-06,treasury_etf,TLT,86.5,86.85,86.385,86.65,14660325.0,2026-06-14 08:14:32 UTC
2026-04-02,treasury_etf,TLT,86.205,86.85,86.1507,86.79,33310584.0,2026-06-14 08:14:32 UTC
2026-04-01,treasury_etf,TLT,86.28,86.705,86.23,86.26,31157621.0,2026-06-14 08:14:32 UTC
2026-03-31,treasury_etf,TLT,86.93,87.16,86.57,86.69,47112153.0,2026-06-14 08:14:32 UTC
2026-03-30,treasury_etf,TLT,86.63,86.95,86.485,86.78,36473153.0,2026-06-14 08:14:32 UTC
2026-03-27,treasury_etf,TLT,85.5,86.1,85.45,85.64,39928851.0,2026-06-14 08:14:32 UTC
2026-03-26,treasury_etf,TLT,86.34,86.61,85.93,86.11,39536966.0,2026-06-14 08:14:32 UTC
2026-03-25,treasury_etf,TLT,86.75,86.88,86.48,86.84,37861005.0,2026-06-14 08:14:32 UTC
2026-03-24,treasury_etf,TLT,85.72,86.29,85.56,86.01,51799399.0,2026-06-14 08:14:32 UTC
2026-03-23,treasury_etf,TLT,86.18,86.72,85.935,86.385,69686651.0,2026-06-14 08:14:32 UTC
2026-03-20,treasury_etf,TLT,86.81,86.86,85.76,85.83,78948515.0,2026-06-14 08:14:32 UTC
2026-03-19,treasury_etf,TLT,87.06,87.725,86.97,87.49,60307437.0,2026-06-14 08:14:32 UTC
2026-03-18,treasury_etf,TLT,87.36,87.48,86.93,86.955,37596578.0,2026-06-14 08:14:32 UTC
2026-03-17,treasury_etf,TLT,87.36,87.57,87.315,87.45,19578066.0,2026-06-14 08:14:32 UTC
2026-03-16,treasury_etf,TLT,87.175,87.34,86.96,87.21,37341484.0,2026-06-14 08:14:32 UTC
2026-03-13,treasury_etf,TLT,86.925,87.145,86.47,86.54,43459981.0,2026-06-14 08:14:32 UTC
2026-03-12,treasury_etf,TLT,86.905,87.245,86.775,86.97,48976970.0,2026-06-14 08:14:32 UTC
2026-03-11,treasury_etf,TLT,87.75,87.81,87.075,87.14,54679852.0,2026-06-14 08:14:32 UTC
2026-03-10,treasury_etf,TLT,88.8,88.95,88.27,88.28,48651546.0,2026-06-14 08:14:32 UTC
2026-03-09,treasury_etf,TLT,88.295,89.315,88.205,89.23,52478733.0,2026-06-14 08:14:32 UTC
2026-03-06,treasury_etf,TLT,88.32,88.9399,88.015,88.46,58136911.0,2026-06-14 08:14:32 UTC
2026-03-05,treasury_etf,TLT,88.63,88.935,88.51,88.79,45768934.0,2026-06-14 08:14:32 UTC
2026-03-04,treasury_etf,TLT,89.27,89.44,89.095,89.15,47069511.0,2026-06-14 08:14:32 UTC
2026-03-03,treasury_etf,TLT,88.975,89.67,88.935,89.43,51850414.0,2026-06-14 08:14:32 UTC
2026-03-02,treasury_etf,TLT,89.975,89.99,89.355,89.61,55465543.0,2026-06-14 08:14:32 UTC
2026-02-27,treasury_etf,TLT,90.685,90.86,90.55,90.82,51271971.0,2026-06-14 08:14:32 UTC
2026-02-26,treasury_etf,TLT,90.06,90.32,90.05,90.27,29447077.0,2026-06-14 08:14:32 UTC
2026-02-25,treasury_etf,TLT,89.71,90.08,89.71,89.91,23625776.0,2026-06-14 08:14:32 UTC
2026-02-24,treasury_etf,TLT,89.945,90.05,89.76,89.9,24933943.0,2026-06-14 08:14:32 UTC
2026-02-23,treasury_etf,TLT,89.55,90.0,89.53,89.74,33614602.0,2026-06-14 08:14:32 UTC
2026-02-20,treasury_etf,TLT,89.7,89.74,88.93,89.41,49610815.0,2026-06-14 08:14:32 UTC
2026-02-19,treasury_etf,TLT,89.4,89.72,89.365,89.62,28658625.0,2026-06-14 08:14:32 UTC
2026-02-18,treasury_etf,TLT,89.685,89.86,89.47,89.53,35415364.0,2026-06-14 08:14:32 UTC
2026-02-17,treasury_etf,TLT,89.93,90.12,89.76,89.87,32356748.0,2026-06-14 08:14:32 UTC
2026-02-13,treasury_etf,TLT,89.63,89.81,89.5224,89.72,56785154.0,2026-06-14 08:14:32 UTC
2026-02-12,treasury_etf,TLT,88.36,89.28,88.35,89.23,48454859.0,2026-06-14 08:14:32 UTC
2026-02-11,treasury_etf,TLT,88.04,88.475,87.935,88.06,37014010.0,2026-06-14 08:14:32 UTC
2026-02-10,treasury_etf,TLT,88.24,88.53,88.22,88.53,37253715.0,2026-06-14 08:14:32 UTC
2026-02-09,treasury_etf,TLT,87.2,87.58,87.03,87.52,24708880.0,2026-06-14 08:14:32 UTC
2026-02-06,treasury_etf,TLT,87.45,87.54,87.2,87.54,33461764.0,2026-06-14 08:14:32 UTC
2026-02-05,treasury_etf,TLT,86.93,87.48,86.75,87.48,50268911.0,2026-06-14 08:14:32 UTC
2026-02-04,treasury_etf,TLT,86.63,86.7775,86.46,86.54,37872880.0,2026-06-14 08:14:32 UTC
2026-02-03,treasury_etf,TLT,86.485,86.78,86.4284,86.76,27328185.0,2026-06-14 08:14:32 UTC
2026-02-02,treasury_etf,TLT,87.02,87.055,86.55,86.55,38171395.0,2026-06-14 08:14:32 UTC
2026-01-30,treasury_etf,TLT,87.375,87.56,87.13,87.13,45832193.0,2026-06-14 08:14:32 UTC
2026-01-29,treasury_etf,TLT,87.15,87.74,87.08,87.62,43854982.0,2026-06-14 08:14:32 UTC
2026-01-28,treasury_etf,TLT,87.505,87.7,87.29,87.6,38750296.0,2026-06-14 08:14:32 UTC
2026-01-27,treasury_etf,TLT,88.11,88.25,87.68,87.8,34930886.0,2026-06-14 08:14:32 UTC
2026-01-26,treasury_etf,TLT,88.395,88.49,88.2,88.35,38882362.0,2026-06-14 08:14:32 UTC
2026-01-23,treasury_etf,TLT,87.83,88.0284,87.495,87.93,35968799.0,2026-06-14 08:14:32 UTC
2026-01-22,treasury_etf,TLT,87.27,87.76,87.14,87.69,42419291.0,2026-06-14 08:14:32 UTC
2026-01-21,treasury_etf,TLT,86.8,87.48,86.62,87.31,51220133.0,2026-06-14 08:14:32 UTC
2026-06-12,dollar_index,UUP,27.96,27.99,27.94,27.95,2225491.0,2026-06-14 08:14:35 UTC
2026-06-11,dollar_index,UUP,28.08,28.125,27.915,27.95,2647878.0,2026-06-14 08:14:35 UTC
2026-06-10,dollar_index,UUP,27.98,28.05,27.95,28.05,1741950.0,2026-06-14 08:14:35 UTC
2026-06-09,dollar_index,UUP,27.96,28.05,27.94,28.01,2008194.0,2026-06-14 08:14:35 UTC
2026-06-08,dollar_index,UUP,27.99,28.04,27.97,28.03,2424943.0,2026-06-14 08:14:35 UTC
2026-06-05,dollar_index,UUP,27.92,28.0464,27.9001,28.02,2008928.0,2026-06-14 08:14:35 UTC
2026-06-04,dollar_index,UUP,27.79,27.85,27.78,27.84,880080.0,2026-06-14 08:14:35 UTC
2026-06-03,dollar_index,UUP,27.86,27.88,27.83,27.86,1725569.0,2026-06-14 08:14:35 UTC
2026-06-02,dollar_index,UUP,27.74,27.81,27.74,27.76,2048225.0,2026-06-14 08:14:35 UTC
2026-06-01,dollar_index,UUP,27.77,27.83,27.745,27.76,2057423.0,2026-06-14 08:14:35 UTC
2026-05-29,dollar_index,UUP,27.71,27.735,27.63,27.66,4610343.0,2026-06-14 08:14:35 UTC
2026-05-28,dollar_index,UUP,27.77,27.79,27.69,27.7,2942178.0,2026-06-14 08:14:35 UTC
2026-05-27,dollar_index,UUP,27.72,27.79,27.71,27.75,2693276.0,2026-06-14 08:14:35 UTC
2026-05-26,dollar_index,UUP,27.75,27.78,27.73,27.75,1929256.0,2026-06-14 08:14:35 UTC
2026-05-22,dollar_index,UUP,27.76,27.82,27.75,27.77,2022997.0,2026-06-14 08:14:35 UTC
2026-05-21,dollar_index,UUP,27.8,27.8299,27.7101,27.73,1832406.0,2026-06-14 08:14:35 UTC
2026-05-20,dollar_index,UUP,27.79,27.82,27.67,27.73,2509130.0,2026-06-14 08:14:35 UTC
2026-05-19,dollar_index,UUP,27.79,27.81,27.7599,27.79,1914825.0,2026-06-14 08:14:35 UTC
2026-05-18,dollar_index,UUP,27.68,27.7301,27.67,27.7,2992076.0,2026-06-14 08:14:35 UTC
2026-05-15,dollar_index,UUP,27.72,27.77,27.71,27.77,1851111.0,2026-06-14 08:14:35 UTC
2026-05-14,dollar_index,UUP,27.55,27.63,27.54,27.62,2309310.0,2026-06-14 08:14:35 UTC
2026-05-13,dollar_index,UUP,27.52,27.535,27.5,27.51,2113638.0,2026-06-14 08:14:35 UTC
2026-05-12,dollar_index,UUP,27.48,27.505,27.44,27.45,2008038.0,2026-06-14 08:14:35 UTC
2026-05-11,dollar_index,UUP,27.35,27.36,27.33,27.35,959218.0,2026-06-14 08:14:35 UTC
2026-05-08,dollar_index,UUP,27.32,27.351,27.31,27.34,1070318.0,2026-06-14 08:14:35 UTC
2026-05-07,dollar_index,UUP,27.32,27.41,27.3,27.41,1528575.0,2026-06-14 08:14:35 UTC
2026-05-06,dollar_index,UUP,27.34,27.37,27.32,27.35,2479297.0,2026-06-14 08:14:35 UTC
2026-05-05,dollar_index,UUP,27.48,27.5,27.4425,27.5,691858.0,2026-06-14 08:14:35 UTC
2026-05-04,dollar_index,UUP,27.43,27.505,27.42,27.48,1855890.0,2026-06-14 08:14:35 UTC
2026-05-01,dollar_index,UUP,27.33,27.42,27.26,27.41,2575481.0,2026-06-14 08:14:35 UTC
2026-04-30,dollar_index,UUP,27.48,27.495,27.34,27.36,3653131.0,2026-06-14 08:14:35 UTC
2026-04-29,dollar_index,UUP,27.56,27.63,27.545,27.61,2659170.0,2026-06-14 08:14:35 UTC
2026-04-28,dollar_index,UUP,27.53,27.5485,27.49,27.53,3308723.0,2026-06-14 08:14:35 UTC
2026-04-27,dollar_index,UUP,27.41,27.46,27.39,27.45,1210303.0,2026-06-14 08:14:35 UTC
2026-04-24,dollar_index,UUP,27.5,27.525,27.45,27.48,1463799.0,2026-06-14 08:14:35 UTC
2026-04-23,dollar_index,UUP,27.53,27.5775,27.465,27.53,830311.0,2026-06-14 08:14:35 UTC
2026-04-22,dollar_index,UUP,27.44,27.49,27.4,27.48,768540.0,2026-06-14 08:14:35 UTC
2026-04-21,dollar_index,UUP,27.35,27.47,27.34,27.47,1641316.0,2026-06-14 08:14:35 UTC
2026-04-20,dollar_index,UUP,27.35,27.375,27.3,27.32,1209512.0,2026-06-14 08:14:35 UTC
2026-04-17,dollar_index,UUP,27.24,27.36,27.2,27.36,1974665.0,2026-06-14 08:14:35 UTC
2026-04-16,dollar_index,UUP,27.34,27.38,27.33,27.37,1324749.0,2026-06-14 08:14:35 UTC
2026-04-15,dollar_index,UUP,27.31,27.34,27.2801,27.29,1926255.0,2026-06-14 08:14:35 UTC
2026-04-14,dollar_index,UUP,27.3,27.325,27.27,27.32,4075735.0,2026-06-14 08:14:35 UTC
2026-04-13,dollar_index,UUP,27.54,27.54,27.38,27.38,3728946.0,2026-06-14 08:14:35 UTC
2026-04-10,dollar_index,UUP,27.42,27.49,27.42,27.44,4866157.0,2026-06-14 08:14:35 UTC
2026-04-09,dollar_index,UUP,27.51,27.5599,27.44,27.48,3167619.0,2026-06-14 08:14:35 UTC
2026-04-08,dollar_index,UUP,27.45,27.61,27.45,27.53,5402975.0,2026-06-14 08:14:35 UTC
2026-04-07,dollar_index,UUP,27.83,27.8401,27.725,27.75,3871922.0,2026-06-14 08:14:35 UTC
2026-04-06,dollar_index,UUP,27.81,27.87,27.77,27.83,3497244.0,2026-06-14 08:14:35 UTC
2026-04-02,dollar_index,UUP,27.85,27.89,27.78,27.86,3579388.0,2026-06-14 08:14:35 UTC
2026-04-01,dollar_index,UUP,27.67,27.74,27.625,27.73,4154910.0,2026-06-14 08:14:35 UTC
2026-03-31,dollar_index,UUP,27.85,27.89,27.7701,27.78,3450272.0,2026-06-14 08:14:35 UTC
2026-03-30,dollar_index,UUP,27.91,28.0,27.91,27.98,2470839.0,2026-06-14 08:14:35 UTC
2026-03-27,dollar_index,UUP,27.83,27.88,27.775,27.84,2421260.0,2026-06-14 08:14:35 UTC
2026-03-26,dollar_index,UUP,27.76,27.815,27.72,27.81,2410180.0,2026-06-14 08:14:35 UTC
2026-03-25,dollar_index,UUP,27.63,27.715,27.63,27.7,3161360.0,2026-06-14 08:14:35 UTC
2026-03-24,dollar_index,UUP,27.66,27.71,27.58,27.65,3132183.0,2026-06-14 08:14:35 UTC
2026-03-23,dollar_index,UUP,27.6,27.6399,27.48,27.56,4152985.0,2026-06-14 08:14:35 UTC
2026-03-20,dollar_index,UUP,27.66,27.75,27.655,27.68,4216880.0,2026-06-14 08:14:35 UTC
2026-03-19,dollar_index,UUP,27.79,27.8101,27.5,27.58,5031416.0,2026-06-14 08:14:35 UTC
2026-03-18,dollar_index,UUP,27.74,27.85,27.704,27.85,4278505.0,2026-06-14 08:14:35 UTC
2026-03-17,dollar_index,UUP,27.67,27.705,27.64,27.68,3599414.0,2026-06-14 08:14:35 UTC
2026-03-16,dollar_index,UUP,27.74,27.78,27.68,27.73,7286159.0,2026-06-14 08:14:35 UTC
2026-03-13,dollar_index,UUP,27.77,27.91,27.745,27.89,4225696.0,2026-06-14 08:14:35 UTC
2026-03-12,dollar_index,UUP,27.63,27.71,27.615,27.68,2316085.0,2026-06-14 08:14:35 UTC
2026-03-11,dollar_index,UUP,27.52,27.57,27.465,27.55,3203225.0,2026-06-14 08:14:35 UTC
2026-03-10,dollar_index,UUP,27.36,27.475,27.34,27.45,3283509.0,2026-06-14 08:14:35 UTC
2026-03-09,dollar_index,UUP,27.51,27.59,27.4101,27.46,4290514.0,2026-06-14 08:14:35 UTC
2026-03-06,dollar_index,UUP,27.57,27.59,27.435,27.47,3315917.0,2026-06-14 08:14:35 UTC
2026-03-05,dollar_index,UUP,27.49,27.59,27.475,27.48,4091313.0,2026-06-14 08:14:35 UTC
2026-03-04,dollar_index,UUP,27.42,27.455,27.39,27.41,2493262.0,2026-06-14 08:14:35 UTC
2026-03-03,dollar_index,UUP,27.54,27.65,27.45,27.46,3237226.0,2026-06-14 08:14:35 UTC
2026-03-02,dollar_index,UUP,27.32,27.3999,27.275,27.33,3348964.0,2026-06-14 08:14:35 UTC
2026-02-27,dollar_index,UUP,27.1,27.12,27.05,27.08,1037373.0,2026-06-14 08:14:35 UTC
2026-02-26,dollar_index,UUP,27.09,27.17,27.0601,27.1,1355076.0,2026-06-14 08:14:35 UTC
2026-02-25,dollar_index,UUP,27.14,27.14,27.054,27.08,1029118.0,2026-06-14 08:14:35 UTC
2026-02-24,dollar_index,UUP,27.13,27.15,27.085,27.11,817346.0,2026-06-14 08:14:35 UTC
2026-02-23,dollar_index,UUP,27.07,27.09,27.02,27.09,713807.0,2026-06-14 08:14:35 UTC
2026-02-20,dollar_index,UUP,27.14,27.16,27.0383,27.09,1281572.0,2026-06-14 08:14:35 UTC
2026-02-19,dollar_index,UUP,27.16,27.1694,27.095,27.12,937769.0,2026-06-14 08:14:35 UTC
2026-02-18,dollar_index,UUP,26.99,27.08,26.965,27.08,1865715.0,2026-06-14 08:14:35 UTC
2026-02-17,dollar_index,UUP,26.95,27.01,26.8901,26.91,1048619.0,2026-06-14 08:14:35 UTC
2026-02-13,dollar_index,UUP,26.82,26.885,26.8,26.82,840570.0,2026-06-14 08:14:35 UTC
2026-02-12,dollar_index,UUP,26.81,26.86,26.77,26.82,1103152.0,2026-06-14 08:14:35 UTC
2026-02-11,dollar_index,UUP,26.82,26.865,26.7599,26.83,1454386.0,2026-06-14 08:14:35 UTC
2026-02-10,dollar_index,UUP,26.73,26.81,26.73,26.8,1037913.0,2026-06-14 08:14:35 UTC
2026-02-09,dollar_index,UUP,26.81,26.845,26.775,26.79,1345298.0,2026-06-14 08:14:35 UTC
2026-02-06,dollar_index,UUP,27.02,27.02,26.9701,27.01,1305341.0,2026-06-14 08:14:35 UTC
2026-02-05,dollar_index,UUP,27.01,27.09,27.0,27.09,1840456.0,2026-06-14 08:14:35 UTC
2026-02-04,dollar_index,UUP,26.97,27.025,26.95,27.01,1122413.0,2026-06-14 08:14:35 UTC
2026-02-03,dollar_index,UUP,26.98,26.99,26.9,26.92,1164252.0,2026-06-14 08:14:35 UTC
2026-02-02,dollar_index,UUP,26.96,27.03,26.912,26.99,2780901.0,2026-06-14 08:14:35 UTC
2026-01-30,dollar_index,UUP,26.73,26.85,26.7,26.85,2763763.0,2026-06-14 08:14:35 UTC
2026-01-29,dollar_index,UUP,26.57,26.709,26.57,26.59,1592485.0,2026-06-14 08:14:35 UTC
2026-01-28,dollar_index,UUP,26.6,26.735,26.561,26.63,2744728.0,2026-06-14 08:14:35 UTC
2026-01-27,dollar_index,UUP,26.66,26.6685,26.395,26.47,1742968.0,2026-06-14 08:14:35 UTC
2026-01-26,dollar_index,UUP,26.81,26.82,26.7207,26.78,1392548.0,2026-06-14 08:14:35 UTC
2026-01-23,dollar_index,UUP,27.13,27.138,26.905,26.91,686353.0,2026-06-14 08:14:35 UTC
2026-01-22,dollar_index,UUP,27.21,27.22,27.12,27.15,826819.0,2026-06-14 08:14:35 UTC
2026-01-21,dollar_index,UUP,27.18,27.295,27.175,27.27,1005429.0,2026-06-14 08:14:35 UTC
